question,label
请问a的籍贯是哪里？,0
你知道a的籍贯吗？,0
a是哪的人？,0
a是哪里人？,0
a的家乡在哪里？,0
a来自哪里？,0
a的老家是哪里？,0
你知道a是哪里人吗？,0
请问a的家乡是哪里？,0
a的籍贯是哪里？,0
a来自哪里？,0
你知道a是哪的人吗？,0
a的籍贯是哪里？,0
a的籍贯是哪？,0
a是哪个地方的人？,0
a的家乡是哪里？,0
a的老家是哪里？,0
a的故乡是哪里？,0
a来自哪里？,0
a是哪的人？,0
请问a的家乡是哪里？,0
你知道a的故乡吗？,0
a的籍贯是哪里？,0
a的老家是哪里？,0
a是哪的人？,0
请问a是哪里人？,0
a来自什么地方？,0
a的故乡是哪里？,0
a的家乡是哪？,0
你知道a是哪里人吗？,0
a来自什么地方？,0
a的籍贯是哪里？,0
请问a的籍贯是哪里？,0
你知道a的家乡在哪里吗？,0
a是哪的人？,0
a的故乡是哪里？,0
a的老家在哪？,0
请问a的故乡是哪里？,0
你知道a的老家吗？,0
a是哪的人？,0
a的家乡是哪里？,0
请问a是哪的人？,0
a的故乡在哪里？,0
你知道a是哪里人吗？,0
a的家乡在哪里？,0
a的籍贯是哪里？,0
请问a的籍贯是哪？,0
a是哪地方的人？,0
a来自哪里？,0
a的故乡是哪？,0
你知道a的家乡吗？,0
a的老家是哪里？,0
请问a的老家是哪里？,0
a的籍贯是哪里？,0
你知道a的籍贯吗？,0
a来自什么地方？,0
请问a的故乡是哪里？,0
a的家乡是哪？,0
你知道a的家乡在哪里吗？,0
a的老家在哪里？,0
a是哪地方的人？,0
请问a是哪地方的人？,0
a的故乡在哪里？,0
你知道a来自哪里吗？,0
a的籍贯是哪里？,0
请问a的籍贯是哪里？,0
a的故乡是哪里？,0
你知道a的籍贯吗？,0
a来自哪里？,0
a的老家是哪里？,0
请问a的家乡是哪里？,0
你知道a的籍贯吗？,0
a的家乡是哪里？,0
a的故乡是哪里？,0
请问a的老家是哪里？,0
你知道a的籍贯是哪里吗？,0
a来自什么地方？,0
a的籍贯是哪里？,0
a的籍贯是哪里？,0
请问a的籍贯是哪里？,0
a的故乡是哪里？,0
你知道a是哪人吗？,0
a的家乡是哪里？,0
请问a的家乡是哪里？,0
a来自哪里？,0
你知道a是哪人吗？,0
a的老家是哪里？,0
a的故乡是哪里？,0
a的籍贯是哪里？,0
请问a是哪里人？,0
你知道a的家乡吗？,0
a的老家是哪里？,0
a的故乡是哪里？,0
a来自什么地方？,0
请问a来自哪里？,0
你知道a的家乡吗？,0
a的家乡是哪里？,0
a的籍贯是哪里？,0
a来自什么地方？,0
请问a生于哪一年？,1
你知道a生于哪一年吗？,1
a是哪一年出生的？,1
a是哪一年出生的？,1
a生于哪年？,1
a的出生年份是？,1
a的出生年份是什么时候？,1
你知道a是哪年出生的吗？,1
请问a是哪年出生的？,1
a生于哪一年？,1
a的出生年份是？,1
你知道a是哪年出生的吗？,1
a生于哪一年？,1
a出生在什么年份？,1
请问a的出生年份是？,1
a是哪一年出生的？,1
你知道a的出生年份吗？,1
a是在哪一年出生的？,1
a的出生年份是什么时候？,1
请问a的出生年份是哪年？,1
你知道a是在哪一年出生的吗？,1
a是哪年出生的？,1
a的出生年份是？,1
请问a是哪年出生的？,1
a生于哪一年？,1
a是哪一年出生的？,1
你知道a的出生年份吗？,1
a出生在什么年份？,1
请问a生于哪一年？,1
a生于哪年？,1
a的出生年份是哪年？,1
你知道a是哪年出生的吗？,1
请问a出生在什么年份？,1
a是哪年出生的？,1
a生于哪一年？,1
你知道a的出生年份吗？,1
a生于哪年？,1
请问a的出生年份是？,1
a的出生年份是？,1
你知道a是哪一年出生的吗？,1
a的出生年份是哪年？,1
请问a是在哪一年出生的？,1
a出生在什么年份？,1
你知道a是哪一年出生的吗？,1
请问a是哪年出生的？,1
a的出生年份是什么时候？,1
a出生在什么年份？,1
a是哪一年出生的？,1
你知道a生于哪一年吗？,1
请问a的出生年份是哪年？,1
a生于哪一年？,1
你知道a的出生年份吗？,1
请问a是在哪一年出生的？,1
a是哪年出生的？,1
a生于哪一年？,1
你知道a是哪年出生的吗？,1
a的出生年份是什么时候？,1
请问a是哪年出生的？,1
a生于哪年？,1
a是哪一年出生的？,1
你知道a的出生年份吗？,1
请问a是哪一年出生的？,1
a生于哪年？,1
a出生在什么年份？,1
a的出生年份是？,1
你知道a是哪一年出生的吗？,1
请问a生于哪一年？,1
a是哪一年出生的？,1
a的出生年份是什么时候？,1
你知道a的出生年份吗？,1
请问a出生在什么年份？,1
a是哪年出生的？,1
a生于哪一年？,1
你知道a的出生年份吗？,1
a生于哪年？,1
请问a的出生年份是？,1
a的出生年份是？,1
你知道a是哪一年出生的吗？,1
a的出生年份是哪年？,1
请问a是在哪一年出生的？,1
a出生在什么年份？,1
你知道a是哪一年出生的吗？,1
请问a是哪年出生的？,1
a的出生年份是什么时候？,1
a出生在什么年份？,1
a是哪一年出生的？,1
你知道a生于哪一年吗？,1
请问a的出生年份是哪年？,1
a生于哪一年？,1
你知道a的出生年份吗？,1
请问a是在哪一年出生的？,1
a是哪年出生的？,1
a生于哪一年？,1
你知道a是哪年出生的吗？,1
a的出生年份是什么时候？,1
请问a是哪年出生的？,1
a生于哪年？,1
a是哪一年出生的？,1
你知道a的出生年份吗？,1
请问a是哪一年出生的？,1
a生于哪年？,1
a出生在什么年份？,1
a的出生年份是？,1
你知道a是哪一年出生的吗？,1
请问a卒于哪一年？,2
你知道a卒于哪一年吗？,2
a是哪一年去世的？,2
a是哪一年去世的？,2
a卒于哪年？,2
a的去世年份是？,2
a的去世年份是什么时候？,2
你知道a是哪年去世的吗？,2
请问a是哪年去世的？,2
a卒于哪一年？,2
a的去世年份是？,2
你知道a是哪年去世的吗？,2
a卒于哪一年？,2
a去世在什么年份？,2
请问a的去世年份是？,2
a是哪一年去世的？,2
你知道a的去世年份吗？,2
a是在哪一年去世的？,2
a的去世年份是什么时候？,2
请问a的去世年份是哪年？,2
你知道a是在哪一年去世的吗？,2
a是哪年去世的？,2
a的去世年份是？,2
请问a是哪年去世的？,2
a卒于哪一年？,2
a是哪一年去世的？,2
你知道a的去世年份吗？,2
a去世在什么年份？,2
请问a卒于哪一年？,2
a卒于哪年？,2
a的去世年份是哪年？,2
你知道a是哪年去世的吗？,2
请问a去世在什么年份？,2
a是哪年去世的？,2
a卒于哪一年？,2
你知道a的去世年份吗？,2
a卒于哪年？,2
请问a的去世年份是？,2
a的去世年份是？,2
你知道a是哪一年去世的吗？,2
a的去世年份是哪年？,2
请问a是在哪一年去世的？,2
a去世在什么年份？,2
你知道a是哪一年去世的吗？,2
请问a是哪年去世的？,2
a的去世年份是什么时候？,2
a去世在什么年份？,2
a是哪一年去世的？,2
你知道a卒于哪一年吗？,2
请问a的去世年份是哪年？,2
a卒于哪一年？,2
你知道a的去世年份吗？,2
请问a是在哪一年去世的？,2
a是哪年去世的？,2
a卒于哪一年？,2
你知道a是哪年去世的吗？,2
a的去世年份是什么时候？,2
请问a是哪年去世的？,2
a卒于哪年？,2
a是哪一年去世的？,2
你知道a的去世年份吗？,2
请问a是哪一年去世的？,2
a卒于哪年？,2
a去世在什么年份？,2
a的去世年份是？,2
你知道a是哪一年去世的吗？,2
请问a卒于哪一年？,2
a是哪一年去世的？,2
a的去世年份是什么时候？,2
你知道a的去世年份吗？,2
请问a去世在什么年份？,2
a是哪年去世的？,2
a的去世年份是哪年？,2
你知道a是在哪一年去世的吗？,2
a卒于哪一年？,2
请问a的去世年份是？,2
a卒于哪一年？,2
你知道a卒于哪年吗？,2
a去世在什么年份？,2
请问a是哪一年去世的？,2
a的去世年份是？,2
你知道a的去世年份吗？,2
a的去世年份是？,2
请问a年龄多大？,3
你知道a年龄多大吗？,3
a今年几岁了？,3
a多大了？,3
a的年龄是多大？,3
a现在几岁了？,3
a的年龄是多少？,3
你知道a现在多大了吗？,3
请问a现在几岁了？,3
a的年龄多大？,3
a今年几岁？,3
你知道a现在多大了吗？,3
a年龄多大？,3
a现在几岁？,3
a今年多大了？,3
a今年几岁？,3
a今年多大？,3
a的年龄是？,3
a的年龄是多少？,3
a的年龄是多少？,3
请问a的年龄多大？,3
你知道a多大了吗？,3
a今年几岁了？,3
a现在多大？,3
a几岁了？,3
请问a几岁了？,3
a现在几岁了？,3
a的年龄多大？,3
a的年龄是多少？,3
你知道a的年龄吗？,3
a今年几岁？,3
请问a今年几岁？,3
a几岁了？,3
你知道a的年龄是多少吗？,3
a今年多大？,3
a多大了？,3
a的年龄是多少？,3
请问a的年龄是？,3
a的年龄是多少？,3
你知道a现在多大了吗？,3
a几岁了？,3
请问a的年龄是多少？,3
a的年龄多大？,3
你知道a的年龄是多少吗？,3
a今年几岁了？,3
a几岁？,3
a的年龄是？,3
请问a今年多大了？,3
你知道a几岁了吗？,3
a现在几岁？,3
a的年龄是多大？,3
a的年龄是多少？,3
你知道a的年龄多大吗？,3
a今年几岁了？,3
请问a现在多大？,3
a的年龄是多少？,3
a现在多大了？,3
你知道a几岁了吗？,3
a今年几岁？,3
请问a的年龄是多大？,3
a多大了？,3
你知道a的年龄是多少吗？,3
a今年多大？,3
请问a几岁？,3
请问a属于哪个朝代？,4
你知道a属于哪个朝代吗？,4
a是哪个朝代的？,4
a是哪个朝代的？,4
a属于哪个朝代？,4
a是哪一个朝代的？,4
a是哪个朝代的人？,4
你知道a属于什么朝代吗？,4
请问a是哪个朝代的？,4
a属于哪一个朝代？,4
a是哪一个朝代的？,4
你知道a是哪一个朝代的吗？,4
a属于哪个朝代？,4
a是哪个朝代的人？,4
请问a属于哪个朝代？,4
a是哪一个朝代的？,4
你知道a属于哪个朝代吗？,4
a是哪个朝代的人？,4
a是哪个朝代的？,4
请问a是哪一个朝代的？,4
你知道a是哪个朝代的吗？,4
a属于什么朝代？,4
a是哪一个朝代的？,4
请问a是哪一个朝代的？,4
a属于哪个朝代？,4
a是哪个朝代的？,4
你知道a是哪个朝代的吗？,4
a是哪个朝代的人？,4
请问a属于哪个朝代？,4
a是哪个朝代的人？,4
a是哪一个朝代的？,4
你知道a属于哪个朝代吗？,4
请问a属于哪个朝代？,4
a属于哪个朝代？,4
a是哪一个朝代的？,4
你知道a是哪一个朝代的吗？,4
a是哪个朝代的人？,4
请问a是哪个朝代的人？,4
a是哪个朝代的？,4
你知道a属于哪个朝代吗？,4
请问a是哪个朝代的？,4
a属于什么朝代？,4
a是哪一个朝代的？,4
a是哪个朝代的人？,4
你知道a属于哪个朝代吗？,4
请问a是哪个朝代的？,4
a是哪一个朝代的？,4
你知道a是哪一个朝代的吗？,4
a属于哪个朝代？,4
a是哪个朝代的人？,4
请问a属于哪个朝代？,4
a是哪一个朝代的？,4
你知道a属于哪个朝代吗？,4
a是哪个朝代的人？,4
a是哪个朝代的？,4
请问a是哪一个朝代的？,4
你知道a是哪个朝代的吗？,4
a属于什么朝代？,4
a是哪一个朝代的？,4
请问a是哪一个朝代的？,4
a属于哪个朝代？,4
a是哪个朝代的？,4
你知道a是哪个朝代的吗？,4
a是哪个朝代的人？,4
请问a属于哪个朝代？,4
a是哪个朝代的人？,4
a是哪一个朝代的？,4
你知道a属于哪个朝代吗？,4
请问a属于哪个朝代？,4
a属于哪个朝代？,4
a是哪一个朝代的？,4
你知道a是哪一个朝代的吗？,4
a是哪个朝代的人？,4
请问a是哪个朝代的人？,4
a是哪个朝代的？,4
你知道a属于哪个朝代吗？,4
请问a是哪个朝代的？,4
a属于什么朝代？,4
a是哪一个朝代的？,4
a是哪个朝代的人？,4
你知道a属于哪个朝代吗？,4
请问a是哪个朝代的？,4
a是哪一个朝代的？,4
你知道a是哪个朝代的吗？,4
请问a的籍贯是哪里？,0
你知道a的籍贯吗？,0
a是哪的人？,0
a是哪里人？,0
a的家乡在哪里？,0
a来自哪里？,0
a的老家是哪里？,0
你知道a是哪里人吗？,0
请问a的家乡是哪里？,0
a的籍贯是哪里？,0
a来自哪里？,0
你知道a是哪的人吗？,0
a的籍贯是哪里？,0
a的籍贯是哪？,0
a是哪个地方的人？,0
a的家乡是哪里？,0
a的老家是哪里？,0
a的故乡是哪里？,0
a来自哪里？,0
a是哪的人？,0
请问a的家乡是哪里？,0
你知道a的故乡吗？,0
a的籍贯是哪里？,0
a的老家是哪里？,0
a是哪的人？,0
请问a是哪里人？,0
a来自什么地方？,0
a的故乡是哪里？,0
a的家乡是哪？,0
你知道a是哪里人吗？,0
a来自什么地方？,0
a的籍贯是哪里？,0
请问a的籍贯是哪里？,0
你知道a的家乡在哪里吗？,0
a是哪的人？,0
a的故乡是哪里？,0
a的老家在哪？,0
请问a的故乡是哪里？,0
你知道a的老家吗？,0
a是哪的人？,0
a的家乡是哪里？,0
请问a是哪的人？,0
a的故乡在哪里？,0
你知道a是哪里人吗？,0
a的家乡在哪里？,0
a的籍贯是哪里？,0
请问a的籍贯是哪？,0
a是哪地方的人？,0
a来自哪里？,0
a的故乡是哪？,0
你知道a的家乡吗？,0
a的老家是哪里？,0
请问a的老家是哪里？,0
a的籍贯是哪里？,0
你知道a的籍贯吗？,0
a来自什么地方？,0
请问a的故乡是哪里？,0
a的家乡是哪？,0
你知道a的家乡在哪里吗？,0
a的老家在哪里？,0
a是哪地方的人？,0
请问a是哪地方的人？,0
a的故乡在哪里？,0
你知道a来自哪里吗？,0
a的籍贯是哪里？,0
请问a的籍贯是哪里？,0
a的故乡是哪里？,0
你知道a的籍贯吗？,0
a来自哪里？,0
a的老家是哪里？,0
请问a的家乡是哪里？,0
你知道a的籍贯吗？,0
a的家乡是哪里？,0
a的故乡是哪里？,0
请问a的老家是哪里？,0
你知道a的籍贯是哪里吗？,0
a来自什么地方？,0
a的籍贯是哪里？,0
a的籍贯是哪里？,0
请问a的籍贯是哪里？,0
a的故乡是哪里？,0
你知道a是哪人吗？,0
a的家乡是哪里？,0
请问a的家乡是哪里？,0
a来自哪里？,0
你知道a是哪人吗？,0
a的老家是哪里？,0
a的故乡是哪里？,0
a的籍贯是哪里？,0
请问a是哪里人？,0
你知道a的家乡吗？,0
a的老家是哪里？,0
a的故乡是哪里？,0
a来自什么地方？,0
请问a来自哪里？,0
你知道a的家乡吗？,0
a的家乡是哪里？,0
a的籍贯是哪里？,0
a来自什么地方？,0
请问a生于哪一年？,1
你知道a生于哪一年吗？,1
a是哪一年出生的？,1
a是哪一年出生的？,1
a生于哪年？,1
a的出生年份是？,1
a的出生年份是什么时候？,1
你知道a是哪年出生的吗？,1
请问a是哪年出生的？,1
a生于哪一年？,1
a的出生年份是？,1
你知道a是哪年出生的吗？,1
a生于哪一年？,1
a出生在什么年份？,1
请问a的出生年份是？,1
请问a是什么民族？,5
你知道a的民族吗？,5
a是哪族人？,5
a的民族是哪个？,5
a属于哪个民族？,5
a的民族是什么？,5
a的民族是啥？,5
a是什么族人？,5
a是哪个民族的？,5
a是哪族的？,5
a是哪个族的？,5
a是什么族？,5
你知道a是什么族吗？,5
请问a的民族是什么？,5
a的民族属于哪个？,5
a的民族是哪族？,5
a的民族是哪个族？,5
a属于哪个族？,5
a的族群是哪个？,5
a的族群是哪族？,5
a是哪族人？,5
请问a的民族是哪族？,5
a是哪一个族的？,5
a属于哪个族群？,5
你知道a的民族是哪个吗？,5
a的民族是哪一个？,5
a的族群是哪个？,5
请问a的族群是哪族？,5
a的族群是哪一个？,5
你知道a的族群吗？,5
a属于哪个族群？,5
请问a是哪族人？,5
a是哪个民族的人？,5
a是哪个民族的人？,5
a是哪个族群的？,5
a的族群是哪个？,5
a是哪一个民族的？,5
你知道a是哪个民族吗？,5
请问a是哪族的？,5
a是哪个民族的？,5
a的族群是什么？,5
a的族群是哪一个？,5
a的民族是哪一个？,5
请问a的民族是哪一个？,5
a是哪族的？,5
你知道a是什么民族吗？,5
a属于哪个民族？,5
请问a的族群是哪个？,5
a是哪一个民族？,5
a的族群是啥？,5
a的民族是啥？,5
你知道a是哪族吗？,5
请问a的民族是哪一个？,5
a属于哪个民族？,5
请问a的民族是啥？,5
a的族群是啥？,5
a是哪个民族的？,5
请问a的民族是哪族？,5
a是哪一个族群的？,5
a的民族是什么？,5
你知道a的民族是哪一个吗？,5
请问a的族群是啥？,5
a的族群是哪一个？,5
a的民族是哪一个？,5
请问a的族群是哪族？,5
a的族群是哪一个？,5
你知道a的族群是啥吗？,5
a的民族是哪族？,5
请问a的民族是哪个族？,5
a是哪个族的？,5
你知道a的族群是哪一个吗？,5
请问a的族群是哪个族？,5
a的族群是哪个族？,5
a是哪一个族？,5
请问a是哪一个族？,5
a的民族是哪族？,5
a是哪个族群的？,5
你知道a是哪一个民族吗？,5
请问a是哪一个族群？,5
a的族群是啥？,5
a是哪一个族的？,5
请问a的民族是哪族？,5
a的民族是哪族？,5
a是哪族的？,5
你知道a的族群是哪族吗？,5
请问a的族群是哪族？,5
a是哪一个民族的？,5
a是哪个族？,5
你知道a是哪一个民族吗？,5
请问a的族群是哪个族？,5
a的民族是哪一个？,5
a是哪一个族？,5
请问a的民族是哪族？,5
a是哪族的？,5
a的民族是哪一个？,5
请问a是哪族的？,5
a是哪一个族群？,5
你知道a是哪族的？,5
请问a的族群是哪个？,5
a的族群是哪一个？,5
a有哪些作品？,6
a创作过哪些作品？,6
a有哪些著作？,6
a有几部作品？,6
a发表过哪些作品？,6
a写过什么作品？,6
a有哪些出版物？,6
a有哪些文学作品？,6
a有哪些艺术作品？,6
a有哪些书籍？,6
a有哪些文章？,6
a有哪些诗歌？,6
a有哪些小说？,6
a有哪些戏剧？,6
a有哪些散文？,6
a有哪些论文？,6
a有哪些报告？,6
a有哪些评论？,6
a有哪些随笔？,6
a有哪些演讲稿？,6
a有哪些剧本？,6
a有哪些诗集？,6
a有哪些文集？,6
a有哪些故事？,6
a有哪些传记？,6
a有哪些自传？,6
a有哪些回忆录？,6
a有哪些散文集？,6
a有哪些随笔集？,6
a有哪些评论集？,6
a有哪些演讲集？,6
a有哪些报告集？,6
a有哪些戏剧集？,6
a有哪些小说集？,6
a有哪些童话？,6
a有哪些故事集？,6
a有哪些剧本集？,6
a有哪些戏曲？,6
a有哪些台词？,6
a有哪些对白？,6
a有哪些短篇小说？,6
a有哪些长篇小说？,6
a有哪些中篇小说？,6
a有哪些诗歌集？,6
a有哪些诗篇？,6
a有哪些歌词？,6
a有哪些曲谱？,6
a有哪些剧本片段？,6
a有哪些小说片段？,6
a有哪些散文片段？,6
a有哪些诗歌片段？,6
a有哪些戏剧片段？,6
a有哪些论文片段？,6
a有哪些评论片段？,6
a有哪些演讲片段？,6
a有哪些随笔片段？,6
a有哪些回忆录片段？,6
a有哪些传记片段？,6
a有哪些自传片段？,6
a有哪些报告片段？,6
a有哪些书信？,6
a有哪些通信？,6
a有哪些手稿？,6
a有哪些草稿？,6
a有哪些创作？,6
a有哪些作品集？,6
a有哪些小说系列？,6
a有哪些诗歌系列？,6
a有哪些散文系列？,6
a有哪些评论系列？,6
a有哪些演讲系列？,6
a有哪些报告系列？,6
a有哪些剧本系列？,6
a有哪些戏剧系列？,6
a有哪些童话系列？,6
a有哪些故事系列？,6
a有哪些文集系列？,6
a有哪些回忆录系列？,6
a有哪些传记系列？,6
a有哪些自传系列？,6
a有哪些随笔系列？,6
a有哪些小说集系列？,6
a有哪些诗歌集系列？,6
a有哪些散文集系列？,6
a有哪些评论集系列？,6
a有哪些演讲集系列？,6
a有哪些报告集系列？,6
a有哪些剧本集系列？,6
a有哪些戏剧集系列？,6
a有哪些台词系列？,6
a有哪些对白系列？,6
a有哪些歌词系列？,6
a有哪些曲谱系列？,6
a有哪些短篇小说集？,6
a有哪些长篇小说集？,6
a有哪些中篇小说集？,6
a有哪些诗歌片段系列？,6
a有哪些戏剧片段系列？,6
a有哪些论文片段系列？,6
a有哪些书信系列？,6
a的职业是什么？,7
a从事什么职业？,7
a的工作是什么？,7
a是做什么的？,7
a的职务是什么？,7
a的职称是什么？,7
a的工作岗位是什么？,7
a的专业是什么？,7
a的行业是什么？,7
a的职业头衔是什么？,7
a的职位是什么？,7
a在行什么职业？,7
a的工作职责是什么？,7
a的工作内容是什么？,7
a的工作领域是什么？,7
a的职业类别是什么？,7
a的专业领域是什么？,7
a的工作类别是什么？,7
a是做哪一行的？,7
a的职场角色是什么？,7
a的职业角色是什么？,7
a在什么领域工作？,7
a的职业定位是什么？,7
a的工作方向是什么？,7
a在行什么工作？,7
a的职业身份是什么？,7
a的职业分类是什么？,7
a的专业工作是什么？,7
a的职业背景是什么？,7
a的工作性质是什么？,7
a的职业类别是什么？,7
a的职业头衔是什么？,7
a在从事什么职业？,7
a的工作专长是什么？,7
a的专业特长是什么？,7
a的职业称谓是什么？,7
a的职业头衔是什么？,7
a的职场称谓是什么？,7
a的职业特长是什么？,7
a的工作特长是什么？,7
a的专业工作是什么？,7
a的职业身份是什么？,7
a的职业领域是什么？,7
a的工作领域是什么？,7
a的职业方向是什么？,7
a的专业方向是什么？,7
a的职业职责是什么？,7
a的职务职责是什么？,7
a的工作职责是什么？,7
a的职位职责是什么？,7
a的工作角色是什么？,7
a的职业角色是什么？,7
a的职场角色是什么？,7
a的工作身份是什么？,7
a的职业身份是什么？,7
a的职业头衔是什么？,7
a的工作头衔是什么？,7
a的职位头衔是什么？,7
a的职业称号是什么？,7
a的工作称号是什么？,7
a的职位称号是什么？,7
a的职业称谓是什么？,7
a的工作称谓是什么？,7
a的职位称谓是什么？,7
a的职业名称是什么？,7
a的工作名称是什么？,7
a的职位名称是什么？,7
a的职业称呼是什么？,7
a的工作称呼是什么？,7
a的职位称呼是什么？,7
a的职业描述是什么？,7
a的工作描述是什么？,7
a的职位描述是什么？,7
a的职业是什么？,7
a的工作是什么？,7
a的职务是什么？,7
a的职称是什么？,7
a的职位是什么？,7
a的行业是什么？,7
a的领域是什么？,7
a的专业是什么？,7
a的专长是什么？,7
a的职责是什么？,7
a的工作是什么？,7
a的任务是什么？,7
a的职能是什么？,7
a的职位是什么？,7
a的身份是什么？,7
a的角色是什么？,7
a的头衔是什么？,7
a的称号是什么？,7
a的称谓是什么？,7
a的名称是什么？,7
a的描述是什么？,7
a的领域是什么？,7
a的方向是什么？,7
a的专长是什么？,7
a的特长是什么？,7
a的任务是什么？,7
a的职责是什么？,7
a的主要事迹是什么？,8
请问a有哪些重要的事迹？,8
a在历史上有哪些著名的事迹？,8
a有哪些被广为流传的事迹？,8
你知道a有哪些主要事迹吗？,8
a的生平事迹有哪些？,8
请介绍一下a的事迹。,8
a做过哪些重要的事情？,8
a有哪些事迹被记载？,8
a有哪些值得一提的事迹？,8
a的事迹有哪些？,8
a有哪些事迹流传至今？,8
a有哪些为人称道的事迹？,8
a的主要历史贡献有哪些？,8
a有哪些历史事迹？,8
a有哪些伟大的事迹？,8
a在世时有哪些主要事迹？,8
a有哪些贡献被后人记住？,8
a做了哪些重大事情？,8
a有哪些重要贡献？,8
a在历史上有哪些重要贡献？,8
a的事迹在历史上有什么地位？,8
a有哪些事迹被后人传颂？,8
a有哪些重要的历史事迹？,8
a有哪些杰出的事迹？,8
a的主要事迹是什么？,8
请列举a的主要事迹。,8
a的生平主要事迹有哪些？,8
a有哪些赫赫有名的事迹？,8
a做过哪些著名的事迹？,8
a有哪些功绩？,8
a在历史上的事迹有哪些？,8
a有哪些功绩被流传下来？,8
a有哪些伟大的历史事迹？,8
a的主要成就是什么？,8
a有哪些成就？,8
a在世时做了哪些事？,8
a有哪些历史上的事迹？,8
a的主要贡献有哪些？,8
a有哪些历史贡献？,8
a有哪些历史上的事迹？,8
a有哪些杰出的贡献？,8
a的事迹有哪些？,8
a做了哪些著名的事？,8
a的成就有哪些？,8
a有哪些事迹被后人称颂？,8
a有哪些历史上的贡献？,8
a的主要事迹有哪些？,8
a有哪些贡献？,8
a的事迹主要有哪些？,8
a在历史上有哪些事迹？,8
a有哪些为人称道的贡献？,8
a有哪些著名的历史事迹？,8
a的主要事迹是哪些？,8
a有哪些流传下来的事迹？,8
a有哪些历史成就？,8
a的贡献有哪些？,8
a有哪些被传颂的事迹？,8
a有哪些成就被记载？,8
a有哪些被记载的事迹？,8
a的主要历史事迹有哪些？,8
a的成就主要有哪些？,8
a有哪些事迹被记录？,8
a的主要事迹有哪些？,8
a有哪些被传颂的贡献？,8
a有哪些事迹流传下来？,8
a有哪些历史上的成就？,8
a的贡献主要有哪些？,8
a有哪些被后人传颂的事迹？,8
a有哪些历史事迹被记载？,8
a的历史事迹有哪些？,8
a有哪些被记载的历史事迹？,8
a有哪些事迹被广为流传？,8
a有哪些为人称道的事迹？,8
a的成就被后人记住的有哪些？,8
a有哪些重要的事迹被记载？,8
a的事迹被后人记住的有哪些？,8
a有哪些为人称颂的事迹？,8
a的贡献被后人记住的有哪些？,8
a有哪些成就流传至今？,8
a的历史贡献有哪些？,8
a有哪些事迹被记载下来？,8
a有哪些历史功绩？,8
a的功绩有哪些？,8
a的主要历史成就有哪些？,8
a有哪些成就被后人称颂？,8
a有哪些历史贡献被记载？,8
a的历史功绩有哪些？,8
a的主要事迹有哪些？,8
a有哪些成就被传颂？,8
a的成就主要是什么？,8
a有哪些历史成就被记载？,8
a有哪些被后人记住的事迹？,8
a的成就有哪些？,8
a有哪些主要成就？,8
a有哪些为人称道的事迹？,8
a的别名是什么？,9
a有哪些别名？,9
a有其他名字吗？,9
a的别称是什么？,9
a还有什么名字？,9
a被称为什么？,9
a的昵称是什么？,9
a的别号是什么？,9
a有哪些称号？,9
a还有什么称呼？,9
a的另一个名字是什么？,9
a还有哪些别名？,9
a的其他名字是什么？,9
a被人们叫做什么？,9
a的雅号是什么？,9
a还有什么雅号？,9
a有哪些雅称？,9
a有别的名字吗？,9
a有其他称号吗？,9
a的外号是什么？,9
a的别称有哪些？,9
a被称作什么？,9
a还有其他称呼吗？,9
a被叫做什么？,9
a的别名都有哪些？,9
a的绰号是什么？,9
a还有其他名字吗？,9
a的外号有哪些？,9
a的别号有哪些？,9
a的称号有哪些？,9
a的别称是哪些？,9
a的别名有哪些？,9
a有其他外号吗？,9
a被称之为什么？,9
a的其他别名是什么？,9
a的昵称有哪些？,9
a的别号是哪些？,9
a的外号是哪些？,9
a还有什么别称？,9
a的雅号有哪些？,9
a的绰号有哪些？,9
a被叫做什么？,9
a的别称是什么？,9
a的昵称是什么？,9
a的别号是什么？,9
a有哪些称号？,9
a还有什么称呼？,9
a的另一个名字是什么？,9
a还有哪些别名？,9
a的其他名字是什么？,9
a被人们叫做什么？,9
a的雅号是什么？,9
a还有什么雅号？,9
a有哪些雅称？,9
a有别的名字吗？,9
a有其他称号吗？,9
a的外号是什么？,9
a的别称有哪些？,9
a被称作什么？,9
a还有其他称呼吗？,9
a被叫做什么？,9
a的别名都有哪些？,9
a的绰号是什么？,9
a还有其他名字吗？,9
a的外号有哪些？,9
a的别号有哪些？,9
a的称号有哪些？,9
a的别称是哪些？,9
a的别名有哪些？,9
a有其他外号吗？,9
a被称之为什么？,9
a的其他别名是什么？,9
a的昵称有哪些？,9
a的别号是哪些？,9
a的外号是哪些？,9
a还有什么别称？,9
a的雅号有哪些？,9
a的绰号有哪些？,9
a被叫做什么？,9
a的别称是什么？,9
a的昵称是什么？,9
a的别号是什么？,9
a有哪些称号？,9
a还有什么称呼？,9
a的另一个名字是什么？,9
a还有哪些别名？,9
a的其他名字是什么？,9
a被人们叫做什么？,9
a的雅号是什么？,9
a还有什么雅号？,9
a有哪些雅称？,9
a有别的名字吗？,9
a有其他称号吗？,9
a的外号是什么？,9
a的别称有哪些？,9
a被称作什么？,9
a还有其他称呼吗？,9
a被叫做什么？,9
a的别名都有哪些？,9
a的绰号是什么？,9
a的封号是什么？,10
a有哪些封号？,10
a被授予了什么封号？,10
a的封爵是什么？,10
a被封为什么？,10
a的爵位是什么？,10
a被册封为什么？,10
a有哪些封爵？,10
a的头衔是什么？,10
a被册封了什么？,10
a的荣誉称号是什么？,10
a被封了哪些称号？,10
a有哪些荣誉头衔？,10
a被封为哪一级？,10
a的封号头衔是什么？,10
a获得了什么封号？,10
a的封号是哪些？,10
a的爵号是什么？,10
a的封赐是什么？,10
a被赐予了什么封号？,10
a的封号称号是什么？,10
a的封号级别是什么？,10
a获得了哪些封号？,10
a被封为什么头衔？,10
a的封号等级是什么？,10
a的爵位级别是什么？,10
a被授予了哪些称号？,10
a的封号荣誉是什么？,10
a的爵位称号是什么？,10
a的封号等级是哪些？,10
a获得了什么爵位？,10
a被赐予了哪些头衔？,10
a的爵号是哪些？,10
a的封号头衔是哪些？,10
a的封号称谓是什么？,10
a的封号称谓是哪些？,10
a被授予了哪些封号？,10
a的封号荣誉是什么？,10
a的封号称谓是什么？,10
a的封号称谓是哪些？,10
a被授予了什么封号？,10
a的封号荣誉是哪些？,10
a的封号称谓是什么？,10
a的封号头衔是哪些？,10
a的封号等级是什么？,10
a的封号称号是哪些？,10
a的封号等级是哪些？,10
a获得了什么封号？,10
a被赐予了什么封号？,10
a的封号头衔是哪些？,10
a的封号称谓是哪些？,10
a的封号称号是哪些？,10
a的封号等级是哪些？,10
a被授予了哪些封号？,10
a的封号荣誉是什么？,10
a的封号称谓是什么？,10
a的封号称谓是哪些？,10
a的封号等级是什么？,10
a的封号称号是什么？,10
a的封号等级是哪些？,10
a被授予了什么封号？,10
a的封号荣誉是哪些？,10
a的封号称谓是什么？,10
a的封号头衔是哪些？,10
a的封号等级是什么？,10
a的封号称号是哪些？,10
a的封号等级是哪些？,10
a获得了什么封号？,10
a被赐予了什么封号？,10
a的封号头衔是哪些？,10
a的封号称谓是哪些？,10
a的封号称号是哪些？,10
a的封号等级是哪些？,10
a被授予了哪些封号？,10
a的封号荣誉是什么？,10
a的封号称谓是什么？,10
a的封号称谓是哪些？,10
a的封号等级是什么？,10
a的封号称号是什么？,10
a的封号等级是哪些？,10
a被授予了什么封号？,10
a的封号荣誉是哪些？,10
a的封号称谓是什么？,10
a的封号头衔是哪些？,10
a的封号等级是什么？,10
a的封号称号是哪些？,10
a的封号等级是哪些？,10
a获得了什么封号？,10
a被赐予了什么封号？,10
a的封号头衔是哪些？,10
a的封号称谓是哪些？,10
a的封号称号是哪些？,10
a的封号等级是哪些？,10
a被授予了哪些封号？,10
a的封号荣誉是什么？,10
a的封号称谓是什么？,10
a的封号称谓是哪些？,10
a的封号等级是什么？,10
a的封号称号是什么？,10
a在哪里去世？,11
a去世的地方是哪里？,11
a在哪个地方去世？,11
a的去世地点是哪里？,11
a去世的具体地点是哪里？,11
a的死地是哪里？,11
a在哪座城市去世？,11
a在哪个国家去世？,11
a在哪个村庄去世？,11
a去世时身处何地？,11
a去世时在什么地方？,11
a最后的所在地是哪里？,11
a离世的地方是哪里？,11
a去世的准确地点是哪里？,11
a去世时在什么位置？,11
a去世的城市是哪里？,11
a去世的国家是哪里？,11
a在哪个地方离世？,11
a最后的去世地点是哪里？,11
a去世的具体位置是哪里？,11
a去世时的所在地是哪里？,11
a的终点是哪里？,11
a去世时的位置是哪里？,11
a去世的乡村是哪里？,11
a的去世位置是哪里？,11
a在哪片区域去世？,11
a最后去世的地方是哪里？,11
a去世的地点在哪？,11
a死时在什么地方？,11
a去世时在何地？,11
a去世的地点是哪里？,11
a去世的区域是哪里？,11
a最后去世的地点是哪里？,11
a去世的确切位置是哪里？,11
a去世的具体地方是哪里？,11
a去世的乡镇是哪里？,11
a去世的具体地址是哪里？,11
a的去世城市是哪里？,11
a去世的地点在哪里？,11
a离世的地点是哪里？,11
a最后的去世位置是哪里？,11
a去世的村落是哪里？,11
a去世时的具体地点是哪里？,11
a去世的确切地点是哪里？,11
a去世的地方在哪？,11
a最后去世的位置是哪里？,11
a去世的国家是哪个？,11
a的去世乡村是哪里？,11
a最后的去世地方是哪里？,11
a的去世地址是哪里？,11
a去世时身在何处？,11
a去世时具体位置是哪里？,11
a的去世区域是哪里？,11
a去世的确切地方是哪里？,11
a去世的县是哪里？,11
a去世时在什么区域？,11
a去世时在何处？,11
a的去世村庄是哪里？,11
a去世的确切地址是哪里？,11
a去世的地方在哪里？,11
a去世时的城市是哪里？,11
a去世时的位置是哪里？,11
a去世的地区是哪里？,11
a去世的具体城市是哪里？,11
a去世的地方在哪个国家？,11
a的去世县城是哪里？,11
a去世的地方具体是哪里？,11
a最后的去世城市是哪里？,11
a去世时的地方是哪里？,11
a去世的具体区域是哪里？,11
a去世的城市在哪里？,11
a去世的地方在哪个区域？,11
a去世的具体地点在哪里？,11
a的去世地方在哪里？,11
a的去世村庄是哪里？,11
a的去世具体位置是哪里？,11
a去世的县城是哪里？,11
a去世时所在的位置是哪里？,11
a去世的具体地点在哪里？,11
a的去世地点是哪些？,11
a去世时的村庄是哪里？,11
a去世的地方在哪个城市？,11
a去世的区域在哪里？,11
a去世的地方在何处？,11
a去世时所在的城市是哪里？,11
a去世的地点在哪里？,11
a去世时身处何地？,11
a的去世具体地址是哪里？,11
a去世时的具体位置是哪里？,11
a去世的地方在哪个村庄？,11
a去世的地方在哪个国家？,11
a去世的具体村庄是哪里？,11
a去世时的地方具体是哪里？,11
a去世时所在的地点是哪里？,11
a去世的地方是哪些？,11
a去世时的乡村是哪里？,11
a去世的确切地点是哪里？,11
a去世的地方在哪个区域？,11
a去世的地点在何处？,11
a去世的乡镇在哪里？,11
皇帝a的在位时间是什么时候？,12
皇帝a在位的年份是哪些？,12
皇帝a在位的时期是何时？,12
皇帝a从什么时候开始在位？,12
皇帝a在位了多长时间？,12
皇帝a的在位年限是多久？,12
皇帝a从哪一年到哪一年在位？,12
皇帝a在位的具体时间是？,12
皇帝a何时即位？,12
皇帝a在位时间的起始年份是什么？,12
皇帝a在位的结束年份是什么？,12
皇帝a在位的具体年份是哪些？,12
皇帝a的在位日期是从何时到何时？,12
皇帝a在位的时间段是？,12
皇帝a即位的年份是什么？,12
皇帝a退位的年份是什么？,12
皇帝a在位时期是什么时候？,12
皇帝a在位的具体日期是？,12
皇帝a的统治时间是多久？,12
皇帝a在位的起止年份是哪些？,12
皇帝a的在位时间段是？,12
皇帝a在位了多少年？,12
皇帝a何时开始统治？,12
皇帝a何时结束统治？,12
皇帝a的在位年份是哪些？,12
皇帝a的统治时期是？,12
皇帝a在位的具体年限是？,12
皇帝a在位的时间范围是？,12
皇帝a的在位年间是？,12
皇帝a在位的时间跨度是？,12
皇帝a从什么时候到什么时候在位？,12
皇帝a在位的起止时间是？,12
皇帝a的统治时间段是？,12
皇帝a的在位时段是？,12
皇帝a在位的时间是什么？,12
皇帝a的在位起始时间是？,12
皇帝a的在位结束时间是？,12
皇帝a的在位日期是什么？,12
皇帝a的统治时期是从什么时候到什么时候？,12
皇帝a何时开始在位？,12
皇帝a何时退位？,12
皇帝a的在位期间是？,12
皇帝a的在位时间表是？,12
皇帝a统治的具体时间是？,12
皇帝a在位的起点和终点是什么？,12
皇帝a在位了多少年？,12
皇帝a的在位历程是？,12
皇帝a的统治时间是什么？,12
皇帝a在位的确切时间是？,12
皇帝a何时成为皇帝？,12
皇帝a何时不再是皇帝？,12
皇帝a在位时的年份是？,12
皇帝a的统治年间是？,12
皇帝a在位的年限有多久？,12
皇帝a的在位时段是？,12
皇帝a的在位期间从什么时候到什么时候？,12
皇帝a的在位期是？,12
皇帝a的在位时间持续了多久？,12
皇帝a的在位时间是何时？,12
皇帝a的在位日期是？,12
皇帝a的统治时间段是？,12
皇帝a的在位年限是？,12
皇帝a的在位时间从什么时候到什么时候？,12
皇帝a在位了几年？,12
皇帝a的在位时间从何时开始？,12
皇帝a的在位时间何时结束？,12
皇帝a的在位时间跨度是？,12
皇帝a在位的具体日期是什么？,12
皇帝a在位的具体年份是？,12
皇帝a的在位时间有多长？,12
皇帝a的在位时间表是？,12
皇帝a在位时间的具体起止日期是？,12
皇帝a在位的具体时间段是？,12
皇帝a的在位时期是从什么时候到什么时候？,12
皇帝a的在位时间的具体年份是？,12
皇帝a在位的起始年份和结束年份是？,12
皇帝a的在位时间有多长？,12
皇帝a在位的时间跨度有多长？,12
皇帝a的在位时间从何时到何时？,12
皇帝a在位的确切年份是？,12
皇帝a的在位时间是从哪一年到哪一年？,12
皇帝a在位时的具体年份是？,12
皇帝a在位时间的具体起止时间是？,12
皇帝a在位的时间范围有多长？,12
皇帝a的在位时间从什么时候到什么时候？,12
皇帝a在位的时间段是从何时到何时？,12
皇帝a的在位时间有多长？,12
皇帝a在位的具体日期从何时到何时？,12
皇帝a的在位年份是从哪一年到哪一年？,12
皇帝a的在位时间持续了多少年？,12
皇帝a在位的具体时间表是？,12
皇帝a在位时的起止年份是？,12
皇帝a在位的具体时间段是？,12
皇帝a的在位时间从哪年到哪年？,12
皇帝a的在位时间是从何时到何时？,12
皇帝a的在位具体时间是从哪年到哪年？,12
皇帝a在位的时间段有多长？,12
皇帝a的在位时间具体是什么时候？,12
皇帝a在位时间有多长？,12
皇帝a的在位时间具体起止是什么时候？,12
皇帝a的前一任皇帝是谁？,13
在皇帝a之前的皇帝是谁？,13
皇帝a之前的那位皇帝是谁？,13
皇帝a的前任皇帝是谁？,13
皇帝a的前一个皇帝是谁？,13
皇帝a继承了哪位皇帝的皇位？,13
在皇帝a之前是谁在位？,13
皇帝a的前任是谁？,13
皇帝a的前任君主是谁？,13
皇帝a之前是哪位皇帝？,13
皇帝a的前一位皇帝是谁？,13
皇帝a前面是谁当皇帝？,13
在皇帝a之前的那位君主是谁？,13
皇帝a之前的皇帝叫什么名字？,13
皇帝a之前的帝王是谁？,13
皇帝a的上一任皇帝是谁？,13
皇帝a的上一任君主是谁？,13
皇帝a的前任统治者是谁？,13
皇帝a之前的那位皇帝叫什么？,13
皇帝a的前一位君主是谁？,13
在皇帝a之前的皇帝叫什么？,13
皇帝a之前的统治者是谁？,13
皇帝a之前的皇帝叫什么名字？,13
皇帝a的前任帝王是谁？,13
皇帝a之前是谁在统治？,13
皇帝a的上一位皇帝是谁？,13
在皇帝a之前是谁当皇帝？,13
皇帝a的前任是谁？,13
皇帝a的前一个君主是谁？,13
皇帝a之前是谁？,13
皇帝a的前任皇帝叫什么名字？,13
皇帝a的前一位帝王是谁？,13
皇帝a的前一任帝王是谁？,13
皇帝a之前的那位皇帝叫什么名字？,13
皇帝a的前一位统治者是谁？,13
皇帝a之前的君主是谁？,13
皇帝a之前的皇帝叫什么？,13
皇帝a的前任叫什么？,13
皇帝a的上一任皇帝是谁？,13
皇帝a之前的那位君主叫什么？,13
皇帝a的前一任君主是谁？,13
皇帝a之前的帝王叫什么？,13
皇帝a的前一位统治者叫什么？,13
皇帝a之前的皇帝叫什么名字？,13
皇帝a的前一位皇帝叫什么？,13
皇帝a之前的帝王叫什么名字？,13
皇帝a的前任帝王叫什么？,13
皇帝a之前的君主叫什么名字？,13
皇帝a的前任君主叫什么？,13
皇帝a之前的那位皇帝叫什么名字？,13
皇帝a的前任统治者叫什么？,13
皇帝a的前一任统治者是谁？,13
皇帝a之前的统治者叫什么名字？,13
皇帝a的上一任统治者是谁？,13
皇帝a之前的帝王叫什么？,13
皇帝a的前一位帝王叫什么？,13
皇帝a之前的那位帝王叫什么？,13
皇帝a的前任皇帝叫什么？,13
皇帝a之前的那位君主叫什么名字？,13
皇帝a之前的皇帝叫什么？,13
皇帝a的前一任帝王叫什么？,13
皇帝a之前的那位统治者是谁？,13
皇帝a的前一任统治者叫什么？,13
皇帝a之前的那位统治者叫什么名字？,13
皇帝a的前任统治者叫什么名字？,13
皇帝a之前的那位皇帝叫什么？,13
皇帝a的前任皇帝叫什么名字？,13
皇帝a之前的那位帝王叫什么名字？,13
皇帝a的前任帝王叫什么名字？,13
皇帝a之前的那位君主叫什么名字？,13
皇帝a的前任君主叫什么名字？,13
皇帝a之前的那位统治者叫什么？,13
皇帝a的前一任统治者叫什么名字？,13
皇帝a之前的那位皇帝叫什么名字？,13
皇帝a的前一任皇帝叫什么？,13
皇帝a之前的那位帝王叫什么？,13
皇帝a的前一任帝王叫什么名字？,13
皇帝a之前的那位君主叫什么名字？,13
皇帝a的前一任君主叫什么？,13
皇帝a之前的那位统治者叫什么名字？,13
皇帝a的前一任统治者叫什么名字？,13
皇帝a之前的那位皇帝叫什么？,13
皇帝a的前一任皇帝叫什么名字？,13
皇帝a之前的那位帝王叫什么名字？,13
皇帝a的前一任帝王叫什么？,13
皇帝a之前的那位君主叫什么？,13
皇帝a的前一任君主叫什么名字？,13
皇帝a之前的那位统治者叫什么名字？,13
皇帝a的前一任统治者叫什么名字？,13
皇帝a之前的那位皇帝叫什么名字？,13
皇帝a的前一任皇帝叫什么？,13
皇帝a之前的那位帝王叫什么名字？,13
皇帝a的后一任皇帝是谁？,14
在皇帝a之后的皇帝是谁？,14
皇帝a之后的那位皇帝是谁？,14
皇帝a的继任皇帝是谁？,14
皇帝a的后一个皇帝是谁？,14
谁继承了皇帝a的皇位？,14
在皇帝a之后是谁在位？,14
皇帝a的继任者是谁？,14
皇帝a的下一任皇帝是谁？,14
皇帝a之后是哪位皇帝？,14
皇帝a的下一位皇帝是谁？,14
皇帝a后面是谁当皇帝？,14
在皇帝a之后的那位君主是谁？,14
皇帝a之后的皇帝叫什么名字？,14
皇帝a之后的帝王是谁？,14
皇帝a的下一任君主是谁？,14
皇帝a的下一任统治者是谁？,14
皇帝a之后的那位皇帝叫什么？,14
皇帝a的下一位君主是谁？,14
在皇帝a之后的皇帝叫什么？,14
皇帝a之后的统治者是谁？,14
皇帝a之后的皇帝叫什么名字？,14
皇帝a的继任帝王是谁？,14
皇帝a之后是谁在统治？,14
皇帝a的下一位皇帝是谁？,14
在皇帝a之后是谁当皇帝？,14
皇帝a的继任者是谁？,14
皇帝a的后一个君主是谁？,14
皇帝a之后是谁？,14
皇帝a的继任皇帝叫什么名字？,14
皇帝a的下一位帝王是谁？,14
皇帝a的后一任帝王是谁？,14
皇帝a之后的那位皇帝叫什么名字？,14
皇帝a的下一位统治者是谁？,14
皇帝a之后的君主是谁？,14
皇帝a之后的皇帝叫什么？,14
皇帝a的继任者叫什么？,14
皇帝a的下一任皇帝是谁？,14
皇帝a之后的那位君主叫什么？,14
皇帝a的下一任皇帝是谁？,14
皇帝a之后的帝王叫什么？,14
皇帝a的下一位统治者叫什么？,14
皇帝a之后的皇帝叫什么名字？,14
皇帝a的下一位皇帝叫什么？,14
皇帝a之后的帝王叫什么名字？,14
皇帝a的继任帝王叫什么？,14
皇帝a之后的君主叫什么名字？,14
皇帝a的下一任君主叫什么？,14
皇帝a之后的那位皇帝叫什么名字？,14
皇帝a的继任统治者叫什么？,14
皇帝a的后一任统治者是谁？,14
皇帝a之后的统治者叫什么名字？,14
皇帝a的下一任统治者是谁？,14
皇帝a之后的帝王叫什么？,14
皇帝a的下一位帝王叫什么？,14
皇帝a之后的那位帝王叫什么？,14
皇帝a的继任皇帝叫什么？,14
皇帝a之后的那位君主叫什么名字？,14
皇帝a之后的皇帝叫什么？,14
皇帝a的后一任帝王叫什么？,14
皇帝a之后的那位统治者是谁？,14
皇帝a的后一任统治者叫什么？,14
皇帝a之后的那位统治者叫什么名字？,14
皇帝a的继任统治者叫什么名字？,14
皇帝a之后的那位皇帝叫什么？,14
皇帝a的继任皇帝叫什么名字？,14
皇帝a之后的那位帝王叫什么名字？,14
皇帝a的继任帝王叫什么名字？,14
皇帝a之后的那位君主叫什么名字？,14
皇帝a的继任君主叫什么名字？,14
皇帝a之后的那位统治者叫什么？,14
皇帝a的后一任统治者叫什么名字？,14
皇帝a之后的那位皇帝叫什么名字？,14
皇帝a的后一任皇帝叫什么？,14
皇帝a之后的那位帝王叫什么？,14
皇帝a的后一任帝王叫什么名字？,14
皇帝a之后的那位君主叫什么名字？,14
皇帝a的后一任君主叫什么？,14
皇帝a之后的那位统治者叫什么名字？,14
皇帝a的后一任统治者叫什么名字？,14
皇帝a之后的那位皇帝叫什么？,14
皇帝a的后一任皇帝叫什么名字？,14
皇帝a之后的那位帝王叫什么名字？,14
皇帝a的后一任帝王叫什么？,14
皇帝a之后的那位君主叫什么？,14
皇帝a的后一任君主叫什么名字？,14
皇帝a之后的那位统治者叫什么名字？,14
皇帝a的后一任统治者叫什么名字？,14
皇帝a之后的那位皇帝叫什么名字？,14
皇帝a的后一任皇帝叫什么？,14
皇帝a之后的那位帝王叫什么名字？,14
a是谁？,15
请问a是谁？,15
你能告诉我a是谁吗？,15
a是什么人？,15
能介绍一下a吗？,15
a的简介是什么？,15
你知道a是谁吗？,15
a的背景是什么？,15
请介绍一下a。,15
a的身份是什么？,15
a是什么样的人？,15
你了解a吗？,15
a的详细信息是什么？,15
a的基本信息是什么？,15
a的个人资料是什么？,15
谁是a？,15
a的来历是什么？,15
a的个人信息是什么？,15
a是何许人也？,15
a的背景资料是什么？,15
a的简要介绍是什么？,15
你能说说a是谁吗？,15
a的概况是什么？,15
a的简介是怎样的？,15
请问a的背景是什么？,15
a的简历是什么？,15
a的个人背景是什么？,15
谁是a？能详细介绍一下吗？,15
a的身份背景是什么？,15
a的基本资料是什么？,15
a的基本情况是什么？,15
a的身份信息是什么？,15
a是一个怎样的人？,15
a的简介是什么样的？,15
你能简要介绍一下a吗？,15
a的身份简介是什么？,15
a的详细资料是什么？,15
a的身份背景是怎样的？,15
a的个人简历是什么？,15
a的个人简介是什么？,15
a的背景信息是什么？,15
a是谁，可以介绍一下吗？,15
a的个人情况是什么？,15
a的个人背景是怎样的？,15
请问谁是a？,15
a的背景介绍是什么？,15
a的个人资料是怎样的？,15
能说一下a的简介吗？,15
a的基本信息是怎样的？,15
你知道a的背景吗？,15
a是谁？请介绍一下。,15
a的来历是怎样的？,15
a的身份信息是怎样的？,15
a的详细背景是什么？,15
你能说说a的详细信息吗？,15
a的背景资料是怎样的？,15
请简要介绍一下a。,15
a的概况是怎样的？,15
a的简要资料是什么？,15
a的个人资料是怎样的？,15
请介绍一下a的背景。,15
a的个人信息是怎样的？,15
谁是a，请详细介绍。,15
a的身份是怎样的？,15
a的背景是怎样的？,15
你能告诉我a的来历吗？,15
a的简历是怎样的？,15
a的基本资料是怎样的？,15
a的身份背景是怎样的？,15
a的详细介绍是什么？,15
请问a的基本情况是什么？,15
a的身份信息是怎样的？,15
你了解a的背景吗？,15
a的个人简介是怎样的？,15
请介绍a的身份。,15
a的背景信息是怎样的？,15
a是谁？能说一下吗？,15
a的个人情况是怎样的？,15
a的背景介绍是怎样的？,15
请问a的来历是怎样的？,15
a的背景资料是怎样的？,15
a是谁？请说一下。,15
a的详细资料是怎样的？,15
a的身份背景是什么样的？,15
a的个人资料是什么样的？,15
a的基本信息是什么样的？,15
你能介绍a是谁吗？,15
a的个人情况是什么样的？,15
请介绍a的背景资料。,15
a的个人信息是什么样的？,15
a的身份背景是怎样的？,15
a的详细背景是怎样的？,15
a的基本资料是怎样的？,15
请问a的详细资料是什么？,15
a是谁，能说一下吗？,15
a的个人简历是怎样的？,15
a的背景介绍是怎样的？,15
a的简要资料是怎样的？,15
a的来历是什么样的？,15
a的身份信息是什么样的？,15
